credential_group,client_id,webhook_id,url,events,registered_at
Araneta Group (3 stores),a080acf5-22e9-4c80-bfb5-14a96147dc70,019d6829-d240-73bc-a6fd-5a1370bade51,https://hq.bebang.ph/api/method/hrms.api.mosaic_webhook.receive,order.cancelled,2026-04-07T13:37:44.376309+00:00
Shared Pool (27 stores),9ef61a14-d35e-444e-9c1a-c5b2e3253d7a,019d6829-e397-7177-a73e-f7c74eb9fdb8,https://hq.bebang.ph/api/method/hrms.api.mosaic_webhook.receive,order.cancelled,2026-04-07T13:37:48.818127+00:00
Dedicated,a0854727-f040-4031-97bc-2f3fe897b4b4,019d6829-f424-718d-99aa-56abf2fbda78,https://hq.bebang.ph/api/method/hrms.api.mosaic_webhook.receive,order.cancelled,2026-04-07T13:37:53.056837+00:00
Dedicated,a0854702-f740-4055-983c-7bfa34a78e0c,019d682a-045f-72ca-b674-603cdfdda4da,https://hq.bebang.ph/api/method/hrms.api.mosaic_webhook.receive,order.cancelled,2026-04-07T13:37:57.211906+00:00
SM Caloocan Group (2 stores),a08546c1-a1f4-4012-80fe-6861537a8b6e,019d682a-175b-73d2-aa49-3ee220f003df,https://hq.bebang.ph/api/method/hrms.api.mosaic_webhook.receive,order.cancelled,2026-04-07T13:38:02.074543+00:00
Dedicated,a005bcd8-9970-4df5-a13b-bdb4925f5fa0,019d682a-27d5-73ef-9c39-8b48c0573ed6,https://hq.bebang.ph/api/method/hrms.api.mosaic_webhook.receive,order.cancelled,2026-04-07T13:38:06.283016+00:00
Dedicated,a085463a-76f8-4e12-8017-86a0cb8276f7,019d682a-37ef-7189-82a8-9c9b3d94e14c,https://hq.bebang.ph/api/method/hrms.api.mosaic_webhook.receive,order.cancelled,2026-04-07T13:38:10.410255+00:00
Dedicated,a08546e1-5a01-42e8-a94b-786f8ff1c005,019d682a-4862-70ad-9212-958a0f09f3ba,https://hq.bebang.ph/api/method/hrms.api.mosaic_webhook.receive,order.cancelled,2026-04-07T13:38:14.624259+00:00
SM Sta. Rosa Group (2 stores),a10fbc64-bfa1-4787-acdb-2fd8e6492f5e,019d682a-58d9-73b9-996c-bfff5fef22d9,https://hq.bebang.ph/api/method/hrms.api.mosaic_webhook.receive,order.cancelled,2026-04-07T13:38:18.838024+00:00
Dedicated,a10fbcab-5ed3-4901-89a9-f2e4fc691dfe,019d682a-6a21-72f8-960b-7f9667463d65,https://hq.bebang.ph/api/method/hrms.api.mosaic_webhook.receive,order.cancelled,2026-04-07T13:38:23.283148+00:00
Dedicated,a005bbb1-38b2-47e6-82e5-1a386a476e6e,019d682a-a342-7381-bef7-b3ce3a127454,https://hq.bebang.ph/api/method/hrms.api.mosaic_webhook.receive,order.cancelled,2026-04-07T13:38:37.956657+00:00
Dedicated,a0854744-9e51-4aff-93ee-8c105c038f1c,019d682a-cef4-73b1-8a7b-cdfcdb2151cc,https://hq.bebang.ph/api/method/hrms.api.mosaic_webhook.receive,order.cancelled,2026-04-07T13:38:49.065221+00:00
